Timestamp,Energia_Orejas,Energia_Frente,Estado
11:43:29.369,0,0,Reposo
11:43:29.421,0,0,Reposo
11:43:29.472,63,160,Reposo
11:43:29.524,68,162,Reposo
11:43:29.576,77,172,Reposo
11:43:29.629,91,290,Reposo
11:43:29.680,103,384,Reposo
11:43:29.732,103,384,Reposo
11:43:29.783,125,432,Reposo
11:43:29.835,127,439,Reposo
11:43:29.886,124,459,CEJAS
11:43:29.938,113,451,En Cooldown
11:43:29.990,109,474,En Cooldown
11:43:30.042,108,457,En Cooldown
11:43:30.094,106,510,En Cooldown
11:43:30.145,105,509,En Cooldown
11:43:30.197,104,488,En Cooldown
11:43:30.248,104,488,En Cooldown
11:43:30.299,105,510,En Cooldown
11:43:30.351,78,500,En Cooldown
11:43:30.403,102,536,En Cooldown
11:43:30.454,103,545,En Cooldown
11:43:30.506,103,555,En Cooldown
11:43:30.557,104,560,En Cooldown
11:43:30.609,104,537,En Cooldown
11:43:30.661,103,538,En Cooldown
11:43:30.713,104,540,En Cooldown
11:43:30.764,104,546,En Cooldown
11:43:30.816,105,513,En Cooldown
11:43:30.868,105,482,En Cooldown
11:43:30.919,83,489,En Cooldown
11:43:30.972,82,499,CEJAS
11:43:31.023,113,493,En Cooldown
11:43:31.074,113,466,En Cooldown
11:43:31.126,114,434,En Cooldown
11:43:31.177,114,422,En Cooldown
11:43:31.229,114,430,En Cooldown
11:43:31.280,114,462,En Cooldown
11:43:31.332,114,461,En Cooldown
11:43:31.383,113,461,En Cooldown
11:43:31.435,113,467,En Cooldown
11:43:31.486,113,448,En Cooldown
11:43:31.537,83,429,En Cooldown
11:43:31.589,112,456,En Cooldown
11:43:31.640,112,456,En Cooldown
11:43:31.692,112,464,En Cooldown
11:43:31.744,112,458,En Cooldown
11:43:31.796,112,449,En Cooldown
11:43:31.847,112,433,En Cooldown
11:43:31.899,112,470,En Cooldown
11:43:31.950,112,487,En Cooldown
11:43:32.001,112,498,En Cooldown
11:43:32.054,111,508,CEJAS
11:43:32.105,82,499,En Cooldown
11:43:32.156,113,530,En Cooldown
11:43:32.207,113,527,En Cooldown
11:43:32.259,113,513,En Cooldown
11:43:32.311,112,524,En Cooldown
11:43:32.362,113,491,En Cooldown
11:43:32.414,113,454,En Cooldown
11:43:32.465,113,454,En Cooldown
11:43:32.517,113,455,En Cooldown
11:43:32.568,113,461,En Cooldown
11:43:32.620,82,428,En Cooldown
11:43:32.671,82,435,En Cooldown
11:43:32.723,114,479,En Cooldown
11:43:32.775,114,483,En Cooldown
11:43:32.827,114,501,En Cooldown
11:43:32.878,114,503,En Cooldown
11:43:32.929,115,480,En Cooldown
11:43:32.981,115,480,En Cooldown
11:43:33.032,114,502,En Cooldown
11:43:33.084,114,500,En Cooldown
11:43:33.136,115,494,CEJAS
11:43:33.187,115,503,En Cooldown
11:43:33.239,85,480,En Cooldown
11:43:33.290,85,480,En Cooldown
11:43:33.342,85,460,En Cooldown
11:43:33.394,105,519,En Cooldown
11:43:33.445,106,553,En Cooldown
11:43:33.497,106,553,En Cooldown
11:43:33.548,106,543,En Cooldown
11:43:33.600,106,543,En Cooldown
11:43:33.651,107,532,En Cooldown
11:43:33.703,107,511,En Cooldown
11:43:33.754,107,501,En Cooldown
11:43:33.806,107,501,En Cooldown
11:43:33.857,88,504,En Cooldown
11:43:33.909,119,482,En Cooldown
11:43:33.961,119,470,En Cooldown
11:43:34.012,118,510,En Cooldown
11:43:34.063,118,491,En Cooldown
11:43:34.115,117,480,En Cooldown
11:43:34.166,117,518,En Cooldown
11:43:34.218,117,518,CEJAS
11:43:34.269,117,545,En Cooldown
11:43:34.321,117,507,En Cooldown
11:43:34.372,84,501,En Cooldown
11:43:34.423,85,503,En Cooldown
11:43:34.474,105,483,En Cooldown
11:43:34.525,105,483,En Cooldown
11:43:34.577,105,505,En Cooldown
11:43:34.628,105,506,En Cooldown
11:43:34.679,105,499,En Cooldown
11:43:34.731,104,494,En Cooldown
11:43:34.782,106,489,En Cooldown
11:43:34.834,105,527,En Cooldown
11:43:34.885,105,527,En Cooldown
11:43:34.936,105,527,En Cooldown
11:43:34.987,86,497,En Cooldown
11:43:35.038,86,497,En Cooldown
11:43:35.090,86,470,En Cooldown
11:43:35.142,115,487,En Cooldown
11:43:35.193,116,460,En Cooldown
11:43:35.244,116,460,En Cooldown
11:43:35.296,116,432,Reposo
11:43:35.347,117,434,Reposo
11:43:35.399,115,468,CEJAS
11:43:35.450,115,468,En Cooldown
11:43:35.502,117,486,En Cooldown
11:43:35.553,117,486,En Cooldown
11:43:35.604,87,510,En Cooldown
11:43:35.656,107,510,En Cooldown
11:43:35.708,107,535,En Cooldown
11:43:35.759,107,535,En Cooldown
11:43:35.811,107,541,En Cooldown
11:43:35.862,107,543,En Cooldown
11:43:35.913,107,505,En Cooldown
11:43:35.964,107,499,En Cooldown
11:43:36.016,107,509,En Cooldown
11:43:36.067,107,509,En Cooldown
11:43:36.119,107,510,En Cooldown
11:43:36.170,86,513,En Cooldown
11:43:36.221,109,526,En Cooldown
11:43:36.272,109,526,En Cooldown
11:43:36.324,110,495,En Cooldown
11:43:36.375,110,526,En Cooldown
11:43:36.426,110,550,En Cooldown
11:43:36.478,110,550,CEJAS
11:43:36.529,109,556,En Cooldown
11:43:36.581,109,556,En Cooldown
11:43:36.633,111,567,En Cooldown
11:43:36.685,111,582,En Cooldown
11:43:36.736,90,566,En Cooldown
11:43:36.788,90,566,En Cooldown
11:43:36.839,111,566,En Cooldown
11:43:36.890,111,559,En Cooldown
11:43:36.942,113,573,En Cooldown
11:43:36.994,114,572,En Cooldown
11:43:37.045,113,545,En Cooldown
11:43:37.097,115,521,En Cooldown
11:43:37.148,115,549,En Cooldown
11:43:37.199,114,526,En Cooldown
11:43:37.251,115,535,En Cooldown
11:43:37.302,115,535,En Cooldown
11:43:37.353,97,528,En Cooldown
11:43:37.404,125,538,En Cooldown
11:43:37.455,126,551,En Cooldown
11:43:37.507,126,551,En Cooldown
11:43:37.559,127,547,CEJAS
11:43:37.611,127,547,En Cooldown
11:43:37.662,129,557,En Cooldown
11:43:37.713,128,573,En Cooldown
11:43:37.764,127,557,En Cooldown
11:43:37.816,127,557,En Cooldown
11:43:37.867,128,554,En Cooldown
11:43:37.919,100,525,En Cooldown
11:43:37.971,116,540,En Cooldown
11:43:38.022,116,540,En Cooldown
11:43:38.074,116,531,En Cooldown
11:43:38.126,115,492,En Cooldown
11:43:38.177,113,485,En Cooldown
11:43:38.228,113,485,En Cooldown
11:43:38.279,114,508,En Cooldown
11:43:38.331,114,508,En Cooldown
11:43:38.383,113,492,En Cooldown
11:43:38.434,113,513,En Cooldown
11:43:38.485,98,512,En Cooldown
11:43:38.536,98,512,En Cooldown
11:43:38.588,106,501,En Cooldown
11:43:38.640,105,519,CEJAS
11:43:38.692,103,529,En Cooldown
11:43:38.743,104,524,En Cooldown
11:43:38.794,104,515,En Cooldown
11:43:38.846,104,537,En Cooldown
11:43:38.897,103,509,En Cooldown
11:43:38.949,101,489,En Cooldown
11:43:39.000,101,508,En Cooldown
11:43:39.052,101,508,En Cooldown
11:43:39.104,91,505,En Cooldown
11:43:39.155,92,488,En Cooldown
11:43:39.206,106,472,En Cooldown
11:43:39.258,105,446,En Cooldown
11:43:39.310,105,463,En Cooldown
11:43:39.362,106,433,En Cooldown
11:43:39.413,105,471,En Cooldown
11:43:39.465,106,469,En Cooldown
11:43:39.517,106,508,En Cooldown
11:43:39.568,106,515,En Cooldown
11:43:39.619,107,527,En Cooldown
11:43:39.670,107,535,En Cooldown
11:43:39.723,94,549,CEJAS
11:43:39.775,110,549,En Cooldown
11:43:39.827,111,549,En Cooldown
11:43:39.879,110,546,En Cooldown
11:43:39.931,111,545,En Cooldown
11:43:39.982,111,549,En Cooldown
11:43:40.034,110,529,En Cooldown
11:43:40.085,109,533,En Cooldown
11:43:40.136,109,533,En Cooldown
11:43:40.187,108,521,En Cooldown
11:43:40.239,109,518,En Cooldown
11:43:40.291,91,502,En Cooldown
11:43:40.342,114,506,En Cooldown
11:43:40.393,115,477,En Cooldown
11:43:40.445,114,465,En Cooldown
11:43:40.496,114,470,En Cooldown
11:43:40.548,114,475,En Cooldown
11:43:40.599,113,428,En Cooldown
11:43:40.650,113,428,En Cooldown
11:43:40.702,113,429,En Cooldown
11:43:40.753,112,476,En Cooldown
11:43:40.805,89,502,CEJAS
11:43:40.862,89,497,En Cooldown
11:43:40.913,110,521,En Cooldown
11:43:40.965,110,521,En Cooldown
11:43:41.016,110,532,En Cooldown
11:43:41.067,111,568,En Cooldown
11:43:41.119,111,597,En Cooldown
11:43:41.171,111,601,En Cooldown
11:43:41.222,111,603,En Cooldown
11:43:41.273,111,603,En Cooldown
11:43:41.324,113,637,En Cooldown
11:43:41.375,114,627,En Cooldown
11:43:41.426,91,594,En Cooldown
11:43:41.478,91,594,En Cooldown
11:43:41.530,106,604,En Cooldown
11:43:41.581,107,619,En Cooldown
11:43:41.633,107,601,En Cooldown
11:43:41.684,106,616,En Cooldown
11:43:41.735,106,570,En Cooldown
11:43:41.787,106,570,En Cooldown
11:43:41.838,104,565,En Cooldown
11:43:41.889,106,577,CEJAS
11:43:41.940,107,582,En Cooldown
11:43:41.992,93,545,En Cooldown
11:43:42.043,93,550,En Cooldown
11:43:42.094,105,541,En Cooldown
11:43:42.145,105,537,En Cooldown
11:43:42.196,106,526,En Cooldown
11:43:42.248,106,546,En Cooldown
11:43:42.299,106,514,En Cooldown
11:43:42.351,105,497,En Cooldown
11:43:42.402,104,509,En Cooldown
11:43:42.453,104,467,En Cooldown
11:43:42.504,104,472,En Cooldown
11:43:42.556,92,492,En Cooldown
11:43:42.607,92,492,En Cooldown
11:43:42.658,91,503,En Cooldown
11:43:42.710,111,508,En Cooldown
11:43:42.761,112,497,En Cooldown
11:43:42.813,113,525,En Cooldown
11:43:42.864,112,526,En Cooldown
11:43:42.916,112,526,En Cooldown
11:43:42.967,112,515,CEJAS
11:43:43.019,112,515,En Cooldown
11:43:43.070,111,540,En Cooldown
11:43:43.121,111,545,En Cooldown
11:43:43.173,111,540,En Cooldown
11:43:43.225,91,535,En Cooldown
11:43:43.277,90,540,En Cooldown
11:43:43.328,107,525,En Cooldown
11:43:43.380,109,536,En Cooldown
11:43:43.431,109,536,En Cooldown
11:43:43.482,109,521,En Cooldown
11:43:43.533,109,521,En Cooldown
11:43:43.585,110,533,En Cooldown
11:43:43.636,110,466,En Cooldown
11:43:43.687,110,486,En Cooldown
11:43:43.739,110,486,En Cooldown
11:43:43.790,93,506,En Cooldown
11:43:43.841,121,512,En Cooldown
11:43:43.893,121,494,En Cooldown
11:43:43.944,121,494,En Cooldown
11:43:43.996,121,489,En Cooldown
11:43:44.047,122,483,CEJAS
11:43:44.099,125,531,En Cooldown
11:43:44.150,124,545,En Cooldown
11:43:44.201,124,564,En Cooldown
11:43:44.253,124,564,En Cooldown
11:43:44.304,125,555,En Cooldown
11:43:44.355,94,564,En Cooldown
11:43:44.406,111,584,En Cooldown
11:43:44.458,111,584,En Cooldown
11:43:44.509,111,581,En Cooldown
11:43:44.561,111,581,En Cooldown
11:43:44.612,112,600,En Cooldown
11:43:44.664,108,556,En Cooldown
11:43:44.716,108,546,En Cooldown
11:43:44.768,108,546,En Cooldown
11:43:44.819,108,528,En Cooldown
11:43:44.870,110,542,En Cooldown
11:43:44.921,94,542,En Cooldown
11:43:44.973,95,557,En Cooldown
11:43:45.024,119,533,En Cooldown
11:43:45.076,118,530,En Cooldown
11:43:45.128,119,528,CEJAS
11:43:45.179,119,528,En Cooldown
11:43:45.231,118,520,En Cooldown
11:43:45.282,118,520,En Cooldown
11:43:45.333,119,509,En Cooldown
11:43:45.385,119,509,En Cooldown
11:43:45.437,116,489,En Cooldown
11:43:45.488,115,462,En Cooldown
11:43:45.539,88,437,En Cooldown
11:43:45.591,88,439,En Cooldown
11:43:45.643,107,447,En Cooldown
11:43:45.695,107,447,En Cooldown
11:43:45.746,108,497,En Cooldown
11:43:45.798,108,497,En Cooldown
11:43:45.850,109,516,En Cooldown
11:43:45.901,109,525,En Cooldown
11:43:45.952,108,528,En Cooldown
11:43:46.003,108,528,En Cooldown
11:43:46.054,110,558,En Cooldown
11:43:46.106,90,541,En Cooldown
11:43:46.157,120,520,En Cooldown
11:43:46.210,120,520,CEJAS
11:43:46.261,119,521,En Cooldown
11:43:46.312,119,521,En Cooldown
11:43:46.363,119,535,En Cooldown
11:43:46.415,119,521,En Cooldown
11:43:46.467,120,530,En Cooldown
11:43:46.519,120,530,En Cooldown
11:43:46.571,121,511,En Cooldown
11:43:46.622,121,513,En Cooldown
11:43:46.674,90,544,En Cooldown
11:43:46.726,90,544,En Cooldown
11:43:46.778,106,519,En Cooldown
11:43:46.830,106,519,En Cooldown
11:43:46.881,108,482,En Cooldown
11:43:46.933,107,467,En Cooldown
11:43:46.984,107,483,En Cooldown
11:43:47.035,107,476,En Cooldown
11:43:47.086,108,474,En Cooldown
11:43:47.138,108,505,En Cooldown
11:43:47.189,108,476,En Cooldown
11:43:47.240,107,473,En Cooldown
11:43:47.291,92,495,CEJAS
11:43:47.343,92,519,En Cooldown
11:43:47.394,126,563,En Cooldown
11:43:47.446,125,546,En Cooldown
11:43:47.497,125,560,En Cooldown
11:43:47.549,125,561,En Cooldown
11:43:47.600,125,543,En Cooldown
11:43:47.652,124,517,En Cooldown
11:43:47.703,123,568,En Cooldown
11:43:47.755,123,569,En Cooldown
11:43:47.806,123,545,En Cooldown
11:43:47.858,123,534,En Cooldown
11:43:47.909,87,510,En Cooldown
11:43:47.961,88,517,En Cooldown
11:43:48.013,100,517,En Cooldown
11:43:48.064,100,519,En Cooldown
11:43:48.115,99,527,En Cooldown
11:43:48.167,99,519,En Cooldown
11:43:48.219,100,517,En Cooldown
11:43:48.270,101,515,En Cooldown
11:43:48.321,100,493,En Cooldown
11:43:48.373,100,493,CEJAS
11:43:48.424,100,443,En Cooldown
11:43:48.476,89,425,En Cooldown
11:43:48.528,98,453,En Cooldown
11:43:48.579,100,446,En Cooldown
11:43:48.631,99,446,En Cooldown
11:43:48.682,99,446,En Cooldown
11:43:48.734,110,471,En Cooldown
11:43:48.785,113,500,En Cooldown
11:43:48.837,114,511,En Cooldown
11:43:48.888,123,514,En Cooldown
11:43:48.940,123,514,En Cooldown
11:43:48.991,124,526,En Cooldown
11:43:49.043,125,491,En Cooldown
11:43:49.094,129,489,En Cooldown
11:43:49.146,138,490,En Cooldown
11:43:49.198,139,460,En Cooldown
11:43:49.250,143,380,En Cooldown
11:43:49.302,146,324,En Cooldown
11:43:49.354,144,312,En Cooldown
11:43:49.405,143,308,En Cooldown
11:43:49.458,152,317,Reposo
11:43:49.510,156,318,Reposo
11:43:49.561,154,410,Reposo
11:43:49.613,142,488,CEJAS
11:43:49.665,143,501,En Cooldown
11:43:49.717,155,651,En Cooldown
11:43:49.768,179,692,En Cooldown
11:43:49.820,182,698,En Cooldown
11:43:49.872,188,711,En Cooldown
11:43:49.923,182,687,En Cooldown
11:43:49.975,195,717,En Cooldown
11:43:50.026,197,704,En Cooldown
11:43:50.078,198,698,En Cooldown
11:43:50.129,198,675,En Cooldown
11:43:50.180,190,578,En Cooldown
11:43:50.232,187,577,En Cooldown
11:43:50.283,192,606,En Cooldown
11:43:50.335,200,618,En Cooldown
11:43:50.386,201,643,En Cooldown
11:43:50.438,222,657,En Cooldown
11:43:50.490,223,677,En Cooldown
11:43:50.541,227,689,En Cooldown
11:43:50.593,231,692,En Cooldown
11:43:50.644,230,679,En Cooldown
11:43:50.696,232,653,CEJAS
11:43:50.747,206,555,En Cooldown
11:43:50.798,206,555,En Cooldown
11:43:50.850,198,534,En Cooldown
11:43:50.902,168,529,En Cooldown
11:43:50.953,160,545,En Cooldown
11:43:51.004,167,660,En Cooldown
11:43:51.057,191,709,En Cooldown
11:43:51.108,191,709,En Cooldown
11:43:51.160,196,715,En Cooldown
11:43:51.211,205,749,En Cooldown
11:43:51.262,208,750,En Cooldown
11:43:51.314,224,776,En Cooldown
11:43:51.365,224,771,En Cooldown
11:43:51.417,232,752,En Cooldown
11:43:51.468,232,762,En Cooldown
11:43:51.520,226,601,En Cooldown
11:43:51.572,206,555,En Cooldown
11:43:51.623,206,555,En Cooldown
11:43:51.675,205,557,En Cooldown
11:43:51.726,180,486,En Cooldown
11:43:51.778,179,517,CEJAS
11:43:51.829,192,550,En Cooldown
11:43:51.881,186,553,En Cooldown
11:43:51.932,186,553,En Cooldown
11:43:51.983,185,545,En Cooldown
11:43:52.034,171,544,En Cooldown
11:43:52.086,164,547,En Cooldown
11:43:52.137,179,582,En Cooldown
11:43:52.189,178,610,En Cooldown
11:43:52.240,178,610,En Cooldown
11:43:52.292,181,598,En Cooldown
11:43:52.343,152,515,En Cooldown
11:43:52.395,158,532,En Cooldown
11:43:52.446,158,532,En Cooldown
11:43:52.498,184,608,En Cooldown
11:43:52.550,180,633,En Cooldown
11:43:52.601,185,628,En Cooldown
11:43:52.653,190,621,En Cooldown
11:43:52.704,215,646,En Cooldown
11:43:52.755,215,646,En Cooldown
11:43:52.807,228,687,En Cooldown
11:43:52.858,238,724,CEJAS
11:43:52.909,239,713,En Cooldown
11:43:52.961,241,708,En Cooldown
11:43:53.012,260,747,En Cooldown
11:43:53.063,253,710,En Cooldown
11:43:53.115,263,732,En Cooldown
11:43:53.166,263,732,En Cooldown
11:43:53.217,255,718,En Cooldown
11:43:53.268,254,719,En Cooldown
11:43:53.320,232,664,En Cooldown
11:43:53.371,232,664,En Cooldown
11:43:53.423,208,663,En Cooldown
11:43:53.474,208,663,En Cooldown
11:43:53.525,193,608,En Cooldown
11:43:53.578,175,560,En Cooldown
11:43:53.629,167,542,En Cooldown
11:43:53.681,157,517,En Cooldown
11:43:53.733,157,533,En Cooldown
11:43:53.784,157,533,En Cooldown
11:43:53.836,177,582,En Cooldown
11:43:53.888,176,512,En Cooldown
11:43:53.940,173,490,CEJAS
11:43:53.992,175,502,En Cooldown
11:43:54.043,168,508,En Cooldown
11:43:54.095,168,499,En Cooldown
11:43:54.147,170,517,En Cooldown
11:43:54.198,170,517,En Cooldown
11:43:54.250,145,462,En Cooldown
11:43:54.301,145,462,En Cooldown
11:43:54.352,153,480,En Cooldown
11:43:54.403,153,480,En Cooldown
11:43:54.455,145,478,En Cooldown
11:43:54.507,145,478,En Cooldown
11:43:54.558,145,486,En Cooldown
11:43:54.610,141,516,En Cooldown
11:43:54.662,146,507,En Cooldown
11:43:54.713,147,508,En Cooldown
11:43:54.764,155,533,En Cooldown
11:43:54.816,156,542,En Cooldown
11:43:54.867,154,526,En Cooldown
11:43:54.919,157,529,En Cooldown
11:43:54.970,184,525,En Cooldown
11:43:55.022,184,525,CEJAS
11:43:55.073,192,503,En Cooldown
11:43:55.125,198,491,En Cooldown
11:43:55.177,202,523,En Cooldown
11:43:55.228,202,523,En Cooldown
11:43:55.280,207,521,En Cooldown
11:43:55.332,214,499,En Cooldown
11:43:55.383,211,465,En Cooldown
11:43:55.435,214,487,En Cooldown
11:43:55.487,199,515,En Cooldown
11:43:55.538,201,510,En Cooldown
11:43:55.590,195,506,En Cooldown
11:43:55.641,193,506,En Cooldown
11:43:55.693,180,463,En Cooldown
11:43:55.744,180,463,En Cooldown
11:43:55.796,167,470,En Cooldown
11:43:55.847,155,475,En Cooldown
11:43:55.898,143,560,En Cooldown
11:43:55.950,137,551,En Cooldown
11:43:56.002,120,579,En Cooldown
11:43:56.053,120,590,En Cooldown
11:43:56.105,101,565,CEJAS
11:43:56.156,97,578,En Cooldown
11:43:56.208,124,658,En Cooldown
11:43:56.259,130,681,En Cooldown
11:43:56.311,130,681,En Cooldown
11:43:56.362,130,681,En Cooldown
11:43:56.414,130,623,En Cooldown
11:43:56.466,134,557,En Cooldown
11:43:56.518,134,557,En Cooldown
11:43:56.569,138,586,En Cooldown
11:43:56.621,117,578,En Cooldown
11:43:56.672,116,536,En Cooldown
11:43:56.723,134,517,En Cooldown
11:43:56.775,132,524,En Cooldown
11:43:56.827,131,498,En Cooldown
11:43:56.878,131,499,En Cooldown
11:43:56.930,142,513,En Cooldown
11:43:56.981,139,506,En Cooldown
11:43:57.032,139,505,En Cooldown
11:43:57.084,139,505,En Cooldown
11:43:57.135,143,485,En Cooldown
11:43:57.187,143,453,CEJAS
11:43:57.238,129,453,En Cooldown
11:43:57.289,129,431,En Cooldown
11:43:57.341,145,434,En Cooldown
11:43:57.392,138,450,En Cooldown
11:43:57.443,135,509,En Cooldown
11:43:57.495,135,519,En Cooldown
11:43:57.546,134,591,En Cooldown
11:43:57.598,120,576,En Cooldown
11:43:57.650,116,580,En Cooldown
11:43:57.701,113,578,En Cooldown
11:43:57.752,109,574,En Cooldown
11:43:57.803,112,580,En Cooldown
11:43:57.854,91,587,En Cooldown
11:43:57.905,107,574,En Cooldown
11:43:57.957,109,539,En Cooldown
11:43:58.008,118,535,En Cooldown
11:43:58.060,122,478,En Cooldown
11:43:58.112,125,463,En Cooldown
11:43:58.163,128,459,En Cooldown
11:43:58.214,129,445,En Cooldown
11:43:58.267,135,445,Reposo
11:43:58.318,135,429,Reposo
11:43:58.369,124,374,Reposo
11:43:58.421,135,422,Reposo
11:43:58.473,135,422,Reposo
11:43:58.524,131,408,Reposo
11:43:58.576,134,437,Reposo
11:43:58.628,155,496,CEJAS
11:43:58.680,158,495,En Cooldown
11:43:58.731,159,489,En Cooldown
11:43:58.783,151,473,En Cooldown
11:43:58.834,151,469,En Cooldown
11:43:58.886,147,474,En Cooldown
11:43:58.938,145,479,En Cooldown
11:43:58.989,129,458,En Cooldown
11:43:59.041,128,460,En Cooldown
11:43:59.092,88,403,En Cooldown
11:43:59.143,88,411,En Cooldown
11:43:59.195,67,475,En Cooldown
11:43:59.246,58,522,En Cooldown
11:43:59.298,58,522,En Cooldown
11:43:59.350,108,594,En Cooldown
11:43:59.402,115,600,En Cooldown
11:43:59.453,120,603,En Cooldown
11:43:59.505,120,605,En Cooldown
11:43:59.557,128,603,En Cooldown
11:43:59.608,128,603,En Cooldown
11:43:59.659,139,583,En Cooldown
11:43:59.712,139,583,CEJAS
11:43:59.763,146,551,En Cooldown
11:43:59.815,124,434,En Cooldown
11:43:59.867,117,409,En Cooldown
11:43:59.918,117,409,En Cooldown
11:43:59.970,112,388,En Cooldown
11:44:00.021,111,392,En Cooldown
11:44:00.073,93,336,En Cooldown
11:44:00.125,93,336,En Cooldown
11:44:00.176,88,315,En Cooldown
11:44:00.228,80,317,En Cooldown
11:44:00.280,72,334,En Cooldown
11:44:00.332,71,361,En Cooldown
11:44:00.383,70,377,En Cooldown
11:44:00.435,70,377,En Cooldown
11:44:00.486,68,419,En Cooldown
11:44:00.537,66,470,En Cooldown
11:44:00.588,64,486,En Cooldown
11:44:00.640,63,486,En Cooldown
11:44:00.691,69,512,En Cooldown
11:44:00.743,73,568,En Cooldown
11:44:00.795,77,585,CEJAS
11:44:00.846,86,583,En Cooldown
11:44:00.897,98,613,En Cooldown
11:44:00.948,98,613,En Cooldown
11:44:01.000,106,635,En Cooldown
11:44:01.051,112,656,En Cooldown
11:44:01.103,118,684,En Cooldown
11:44:01.154,118,684,En Cooldown
11:44:01.205,121,734,En Cooldown
11:44:01.256,129,712,En Cooldown
11:44:01.308,140,766,En Cooldown
11:44:01.359,140,766,En Cooldown
11:44:01.411,150,756,En Cooldown
11:44:01.462,150,756,En Cooldown
11:44:01.514,147,706,En Cooldown
11:44:01.566,149,703,En Cooldown
11:44:01.617,149,719,En Cooldown
11:44:01.668,149,719,En Cooldown
11:44:01.720,154,676,En Cooldown
11:44:01.771,154,679,En Cooldown
11:44:01.822,147,621,En Cooldown
11:44:01.874,147,621,CEJAS
11:44:01.925,195,732,En Cooldown
11:44:01.977,195,732,En Cooldown
11:44:02.028,201,714,En Cooldown
11:44:02.080,200,706,En Cooldown
11:44:02.131,204,643,En Cooldown
11:44:02.183,202,640,En Cooldown
11:44:02.234,202,669,En Cooldown
11:44:02.286,204,652,En Cooldown
11:44:02.337,205,727,En Cooldown
11:44:02.388,205,727,En Cooldown
11:44:02.440,160,646,En Cooldown
11:44:02.492,159,690,En Cooldown
11:44:02.543,167,722,En Cooldown
11:44:02.594,167,722,En Cooldown
11:44:02.646,164,729,En Cooldown
11:44:02.697,161,734,En Cooldown
11:44:02.749,162,728,En Cooldown
11:44:02.800,162,733,En Cooldown
11:44:02.852,164,694,En Cooldown
11:44:02.903,164,697,En Cooldown
11:44:02.954,164,718,CEJAS
11:44:03.005,164,723,En Cooldown
11:44:03.058,165,755,En Cooldown
11:44:03.110,152,747,En Cooldown
11:44:03.161,153,745,En Cooldown
11:44:03.213,153,745,En Cooldown
11:44:03.264,130,706,En Cooldown
11:44:03.316,127,705,En Cooldown
11:44:03.367,115,692,En Cooldown
11:44:03.419,114,693,En Cooldown
11:44:03.471,101,650,En Cooldown
11:44:03.522,102,659,En Cooldown
11:44:03.574,90,629,En Cooldown
11:44:03.626,86,587,En Cooldown
11:44:03.677,85,574,En Cooldown
11:44:03.729,85,574,En Cooldown
11:44:03.781,118,562,En Cooldown
11:44:03.832,124,551,En Cooldown
11:44:03.884,143,593,En Cooldown
11:44:03.935,144,588,En Cooldown
11:44:03.987,162,601,En Cooldown
11:44:04.038,165,596,CEJAS
11:44:04.090,173,586,En Cooldown
11:44:04.141,186,602,En Cooldown
11:44:04.193,205,628,En Cooldown
11:44:04.244,205,629,En Cooldown
11:44:04.296,205,695,En Cooldown
11:44:04.348,238,687,En Cooldown
11:44:04.399,238,697,En Cooldown
11:44:04.451,238,681,En Cooldown
11:44:04.502,237,676,En Cooldown
11:44:04.554,238,674,En Cooldown
11:44:04.606,235,695,En Cooldown
11:44:04.657,234,727,En Cooldown
11:44:04.708,234,715,En Cooldown
11:44:04.759,233,674,En Cooldown
11:44:04.811,233,674,En Cooldown
11:44:04.863,232,676,En Cooldown
11:44:04.914,204,686,En Cooldown
11:44:04.966,219,692,En Cooldown
11:44:05.018,218,723,En Cooldown
11:44:05.069,216,706,En Cooldown
11:44:05.121,214,690,CEJAS
11:44:05.172,214,683,En Cooldown
11:44:05.224,212,656,En Cooldown
11:44:05.275,215,632,En Cooldown
11:44:05.327,213,604,En Cooldown
11:44:05.378,216,612,En Cooldown
11:44:05.429,199,612,En Cooldown
11:44:05.481,200,592,En Cooldown
11:44:05.532,232,597,En Cooldown
11:44:05.584,236,617,En Cooldown
11:44:05.636,236,641,En Cooldown
11:44:05.686,237,647,En Cooldown
11:44:05.738,238,641,En Cooldown
11:44:05.789,234,674,En Cooldown
