Tiempo_Relativo,TP9,FP1,FP2,TP10
-0.5,15.880718484454931,-12.581697651495519,-11.464646195919547,18.11594536625164
-0.49544419134396356,16.689852271753963,-10.923061324823912,-11.733353311381281,18.53345325876322
-0.4908883826879271,17.52689698563104,-10.656688454719228,-11.998859851135885,18.874713942706524
-0.4863325740318907,18.37555120519784,-12.587124151581092,-12.25025215371498,19.093361033037265
-0.48177676537585423,19.027821071328777,-16.416195490215625,-12.571249025201046,19.17543888738561
-0.4772209567198178,19.21820874722149,-20.920872476829967,-13.111760362115053,19.26651503633865
-0.47266514806378135,18.93009453116307,-24.322749794219522,-13.894148469150052,19.519416436711666
-0.4681093394077449,18.573044392912767,-25.25897325559544,-14.731126032092028,19.943087197653245
-0.4635535307517084,18.744513740740558,-23.895819221099497,-15.381461394646145,20.446492903910055
-0.45899772209567197,19.733135029486096,-22.049980191981973,-15.743467317503029,20.982460287079302
-0.4544419134396355,21.28300326115184,-21.946092172168477,-15.8858038569192,21.617951093840546
-0.4498861047835991,22.875080117372267,-24.485052048414943,-15.971687362533626,22.467931468755975
-0.44533029612756264,24.16844178312122,-28.442810004992268,-16.193625079907626,23.56442234554328
-0.4407744874715262,25.115506271508615,-31.428771581538385,-16.68387706030344,24.785324902615656
-0.43621867881548976,25.793028004995893,-31.886570873885177,-17.389367956121987,25.91667283247839
-0.4316628701594533,26.337858523897413,-30.280854873533467,-18.08685163818575,26.82208793557797
-0.4271070615034169,27.022383434319323,-28.405446440583273,-18.616330451646384,27.580347294615944
-0.42255125284738043,28.121783906086442,-27.754564998959733,-19.0526765084823,28.417478073175886
-0.41799544419134393,29.546818740937546,-28.651760011523194,-19.545325704813727,29.45694488557948
-0.4134396355353075,30.764453069248948,-30.57987175165156,-20.056614082665337,30.57501218518962
-0.40888382687927105,31.310452492487126,-32.847629089903435,-20.43576218418125,31.55067331300149
-0.4043280182232346,31.347384923280558,-34.874617384799336,-20.73577200443531,32.29477356424033
-0.39977220956719817,31.50487765141673,-36.20213872974603,-21.20999656128906,32.841237021327466
-0.3952164009111617,32.13783738239332,-36.62830523565886,-21.87422971263714,33.18334184520812
-0.3906605922551253,32.957468480702616,-36.5168075673074,-22.30475906123525,33.317010917059406
-0.38610478359908884,33.55051338414649,-36.87109668129181,-22.173839554552238,33.50980515676821
-0.3815489749430524,34.111090484141535,-38.756678728282274,-21.932866341434448,34.315025845970844
-0.37699316628701596,35.3003195463175,-42.2763613827249,-22.550387913653168,36.01133867474517
-0.3724373576309795,37.192704685981965,-45.94171477395575,-24.23096853968116,37.925223587116136
-0.3678815489749431,38.61154218826701,-47.15954564784625,-25.528453356794184,38.53141462418246
-0.36332574031890663,37.97731970761854,-43.79792138108922,-24.27704483958887,36.609028479890824
-0.3587699316628702,34.95981488010521,-35.92882428329963,-19.802839466190377,32.47591728979562
-0.35421412300683375,30.94002584615995,-26.22945210424637,-13.987078471195273,27.837683055858538
-0.3496583143507973,27.536059129302412,-18.24897959104471,-9.628973860962184,24.128121377128686
-0.34510250569476086,24.934076923480287,-13.989394040054435,-7.753757953953932,21.182974711056485
-0.3405466970387244,22.09614447897136,-13.15187059528471,-6.952690572078414,17.919613346287893
-0.3359908883826879,18.46238588956136,-14.340444079113798,-5.345386525499675,14.155270831258594
-0.3314350797266515,14.878750820548852,-16.498688831474308,-2.6772141093720436,11.168229643250106
-0.32687927107061504,12.670673831650065,-19.246157086545978,-0.3362489633272591,10.279180313045764
-0.3223234624145786,12.222966444312405,-22.184608400147535,0.29102841292367415,11.303668888669879
-0.31776765375854216,12.800296222356485,-24.27495977503741,-0.8323205137213856,12.764784614362537
-0.3132118451025057,13.505610832001,-24.470955133001763,-2.5698741065885615,13.439513699158228
-0.3086560364464692,14.030805383636016,-23.18935375109278,-3.8474983749816314,13.352643503727565
-0.3041002277904328,14.56352306515012,-22.504084128266523,-4.523127329061642,13.329739025961526
-0.29954441913439633,15.33282815306799,-24.1947628673197,-5.070631480977832,13.93609866407952
-0.2949886104783599,16.375001419834355,-27.849508861843688,-5.714473629091616,14.999095588012597
-0.29043280182232345,17.570928514008596,-31.47757348572917,-6.193685631212935,15.990783079675365
-0.285876993166287,18.709484017328094,-33.75133525516293,-6.2979155410147,16.61922730987602
-0.28132118451025057,19.483825806259432,-34.92142337747253,-6.223264331206665,16.938229017207085
-0.2767653758542141,19.60728767600849,-35.637283443841994,-6.210829983312281,17.034433348897565
-0.2722095671981777,19.154029528284102,-35.86339023520668,-6.109630234799159,16.908693018140447
-0.26765375854214124,18.75115159014925,-35.460178472692256,-5.60723457749582,16.73827973180501
-0.2630979498861048,19.1328831138773,-35.14491500344204,-4.8196909581078895,16.942892604506213
-0.25854214123006836,20.33792866952313,-35.97952395538926,-4.3625384873033,17.7177201750955
-0.2539863325740319,21.552103613361766,-37.9813134321382,-4.737018461920565,18.676841198291413
-0.24943052391799547,21.984920643901106,-40.00132514662791,-5.812627420440832,19.274890113228697
-0.24487471526195903,21.832608073882447,-41.205247252711814,-7.070572184302084,19.530097608133687
-0.2403189066059226,22.19772638372246,-42.05657413624503,-8.25983448258699,20.068669415083257
-0.2357630979498861,24.075924880480464,-43.382674787928316,-9.586704530314698,21.45384926639377
-0.23120728929384965,27.51097705698334,-44.94751158408574,-11.253094707686502,23.684176310571516
-0.2266514806378132,31.673652824468398,-45.66111478208472,-13.095763510581858,26.393838074104032
-0.22209567198177677,35.632923815175616,-45.055154401947796,-14.893828327644737,29.383785939202603
-0.21753986332574032,39.088996786514656,-43.877479518216944,-16.870084455687003,32.87808761335765
-0.21298405466970388,42.53370034157328,-43.26122849775583,-19.530317314321024,37.313453005742545
-0.20842824601366744,46.72720936237254,-43.99113580397595,-22.852268704553097,42.80740542169426
-0.203872437357631,51.82776846450298,-46.496053795050166,-25.852044245956485,48.64269855486182
-0.19931662870159456,56.98330129924411,-50.30304881960375,-27.380589813414552,53.40394260607088
-0.19476082004555811,61.08806881695272,-52.7327433297667,-27.620944970893806,56.18048213747718
-0.19020501138952167,64.18334662846235,-49.30590248100967,-28.578106164648364,57.93189678431914
-0.18564920273348523,67.84429284867713,-37.490245170065585,-32.443339216357984,61.19738060223331
-0.1810933940774488,73.71588369918459,-20.646220608454417,-39.00307826091961,67.79167008148012
-0.1765375854214123,81.50246036968424,-6.859680773166279,-44.86235727725515,76.64058998385222
-0.17198177676537585,88.47649243800238,-2.262999292733099,-45.77504884802611,84.05990632367453
-0.1674259681093394,91.07502508934178,-5.333872925457574,-40.00169969704708,86.24883753825776
-0.16287015945330297,87.3020648295133,-8.49672886510359,-29.43046044535439,81.75896776564718
-0.15831435079726652,78.13871933177583,-5.444094603000014,-17.73812176599535,72.1499124095833
-0.15375854214123008,66.83825978385147,3.674906999426872,-7.763363466293227,60.64513014448207
-0.14920273348519364,56.379126738447304,14.053218872620652,-0.17681110747216394,49.79768969614329
-0.1446469248291572,47.103512061938375,21.722622698208582,6.2772675999192655,39.88820960767176
-0.14009111617312076,37.0152107389705,26.554836396726692,13.513192753501311,29.578590193188006
-0.1355353075170843,24.745314786172617,31.109951066982845,22.4624426096026,18.35554319238273
-0.13097949886104787,11.872914273207071,37.95348388292251,32.20650114870933,7.9704981780025035
-0.12642369020501143,1.666265729383933,47.79482328676629,40.7923915774761,0.8388179272660176
-0.12186788154897499,-4.245084644784179,59.29874837121113,46.93291691480964,-2.7484130263337945
-0.11731207289293849,-7.155812169150071,70.3977408422936,50.71861417473639,-4.963594517176641
-0.11275626423690205,-9.421104440019915,79.33338620151319,52.79025460982994,-8.018402264337146
-0.1082004555808656,-12.277039120895633,83.79666915669169,53.39456974659161,-12.210377402461399
-0.10364464692482916,-15.584532314252328,80.08986779233554,52.61541585010348,-16.41070746828192
-0.09908883826879272,-18.79971224370541,65.82113120178735,51.25139408127633,-19.722237913728648
-0.09453302961275628,-21.80907649364519,44.7486992466684,51.02213420679212,-22.559389745682953
-0.08997722095671984,-25.27106891291908,27.339756602238086,53.80582183814872,-26.669645027228395
-0.0854214123006834,-30.31197713235035,24.100168048359922,60.60013249507467,-34.0098844417242
-0.08086560364464696,-37.577186500602394,37.22744005406627,70.71526742857026,-44.915451545713495
-0.07630979498861051,-46.481730010250374,58.53855945501923,81.4103607005545,-57.20794283755254
-0.07175398633257407,-55.3824865086112,75.3423062934368,88.57152566409712,-67.37992332439516
-0.06719817767653763,-62.31162425646703,78.83339455102983,88.76353579335537,-72.7842406602742
-0.06264236902050113,-65.83103567109173,68.53682077486116,81.38570507970603,-73.06787255494102
-0.05808656036446469,-65.9946173050599,50.699691620119964,69.00448262988192,-70.33725200567235
-0.05353075170842825,-64.722788055746,33.45279952237654,55.67026539327544,-68.18872073478752
-0.048974943052391806,-64.42214430076366,22.883334196084448,44.80866388296892,-69.49374017845194
-0.044419134396355364,-65.32855725109397,21.27516321177143,37.828231472339446,-73.61261489815814
-0.03986332574031892,-64.23849268088873,25.96387572983089,33.336288709354,-75.41467616673242
-0.03530751708428248,-56.71971231260795,29.40969796322931,27.24615483145275,-68.27151652263622
-0.03075170842824604,-41.439649452589514,24.836017940904927,15.197918789084936,-49.782808104877404
-0.026195899772209597,-22.910878146099268,17.473091817667996,-2.551637436633476,-25.76859677179248
-0.021640091116173155,-10.558755454580947,29.960762036324905,-17.46156176662131,-9.026244143144314
-0.017084282460136713,-15.066885213928579,88.9234178895158,-15.80135349115692,-13.353895805503857
-0.01252847380410027,-43.730517496358516,198.73138673931692,10.821760232050046,-46.212246177442694
-0.007972665148063829,-95.89699215990773,328.5251922725095,55.85474937150273,-103.78380775578617
-0.0034168564920273314,-160.4735792429031,429.1551529065551,99.74166411347726,-171.2300499723004
0.001138952164009055,-218.94382637379005,464.37130493549427,123.64988951487042,-229.00220837015658
0.005694760820045497,-255.0833329947002,428.0339954823662,122.87590295216002,-262.95400459146526
0.010250569476081939,-265.7466835893311,340.0247579573583,108.00064964938345,-272.3941212267679
0.01480637813211838,-262.5794551029547,232.79565452355652,93.57939486133269,-269.1825454509082
0.019362186788154823,-261.17242908070426,137.11956171342268,85.32186643970947,-267.19800180390064
0.023917995444191265,-268.0809787275411,69.44016025574511,77.74154149333651,-271.80839091906097
0.028473804100227817,-279.20644312769997,26.539289766166156,63.54884014527248,-279.72135151140077
0.03302961275626426,-288.82852807361314,-7.372270048438852,43.50813637369498,-286.9358321689827
0.0375854214123007,-296.29436799186317,-45.99138172019408,25.655443948339766,-293.4254383191412
0.04214123006833714,-303.46455680454227,-90.72787206667412,15.913588358447441,-300.10209220502196
0.046697038724373585,-309.278480151885,-132.77361127121677,11.789518720969468,-304.70719573956285
0.05125284738041003,-309.64889760202857,-163.78427617616518,5.897226821831638,-303.0287092580334
0.05580865603644647,-302.1697790327045,-183.81494145345354,-5.598303634095461,-293.49800604303846
0.06036446469248291,-288.8763194643171,-198.8007715404666,-18.826659576763692,-278.8919561365282
0.06492027334851935,-272.851775109124,-211.339787422427,-25.91972610475873,-262.3259328482456
0.0694760820045558,-252.1737368665838,-215.67944256942437,-22.49669840877363,-241.52323780237006
0.07403189066059224,-219.3172003091477,-202.89377338967373,-11.898303716932217,-208.8222106229411
0.07858769931662868,-169.13962485385494,-170.82010450573816,-2.2610018908246703,-159.330750176464
0.08314350797266512,-107.51254697261527,-127.94037852840614,0.8172062434386146,-99.23222013537706
0.08769931662870156,-49.350153616555055,-86.94302555023542,-1.0597319348678582,-43.424670224132015
0.092255125284738,-6.389449362912707,-55.12573852467955,-1.5355564762426512,-3.2502693374635525
0.09681093394077445,21.792693997453693,-31.747734505674675,3.5376886611135476,22.266110996316453
0.10136674259681089,43.689606963273164,-13.118558176462088,11.63237468618466,42.20724179695546
0.10592255125284733,64.99647639367925,2.782743447213039,16.035692329683926,62.90440436512278
0.11047835990888377,84.02947086262161,17.057206096358446,12.537372760085823,83.13477715005041
0.11503416856492021,96.57439065236069,31.906106827192644,3.2064036172911003,98.4965996975995
0.11958997722095666,102.15848192424288,49.13562155204117,-6.310881715978943,107.47031852564352
0.1241457858769931,104.70003986374621,67.32489881655516,-12.42325712784854,112.5064867321776
0.12870159453302954,108.56175782446,82.36653159385756,-16.097188340314283,116.98444182480205
0.13325740318906598,115.05466863978386,91.04474667130212,-20.32935207378159,122.5038523325207
0.13781321184510242,122.29584825207759,93.48947423247277,-26.303986947163953,128.71458067228406
0.14236902050113898,127.76964680815863,92.53741352969226,-32.748474692020494,134.72222373639696
0.14692482915717542,130.9470934189154,91.38237554774769,-38.40359889119436,140.20327280631005
0.15148063781321186,133.36080989952066,91.44016866247823,-43.706375460053636,145.19115226558236
0.1560364464692483,136.09341162641013,91.66025499053526,-49.63164864446241,149.02666766207548
0.16059225512528474,137.8753075533168,89.71612085231048,-55.80671941397323,150.1252574894232
0.16514806378132119,136.4444003535391,84.0041395025808,-60.55774986712601,147.32251979029184
0.16970387243735763,131.44700873839952,74.55014748633688,-62.63973507038586,141.2624766896787
0.17425968109339407,125.12013149318078,62.27495766802847,-62.453807493038454,134.02459865569244
0.1788154897494305,120.14549329167164,47.85625005587012,-61.484538783000644,127.56329897826156
0.18337129840546695,117.45230119306974,31.487643812698607,-60.75115511937324,122.8131563092475
0.1879271070615034,116.02637660255712,13.659091372355068,-59.95826680191778,119.84372658004484
0.19248291571753984,114.16553986718212,-4.037390683302345,-58.138784371609006,118.13271573302822
0.19703872437357628,110.74675896858218,-19.250671464980993,-54.98505598809824,116.69409058760843
0.20159453302961272,105.80225642243114,-30.30460021366857,-51.359011833529394,114.55367261321493
0.20615034168564916,100.28637593072419,-37.36836027583827,-48.447412361696706,111.4252191294447
0.2107061503416856,95.24589848504307,-42.368710130710454,-46.656596508046995,107.7775317106451
0.21526195899772205,91.10089303935696,-47.807690360656245,-45.53847987055067,104.17182879535443
0.2198177676537585,87.67083284371702,-55.192317700599375,-44.55697421094127,100.72612582669495
0.22437357630979493,84.65254513764185,-64.070510366267,-43.58459448387277,97.26299202537092
0.22892938496583137,81.78138760791859,-72.51677117256394,-42.77802801944344,93.66804055967641
0.23348519362186781,78.60185864891187,-78.52574995724554,-42.27700016660676,89.82107235904905
0.23804100227790426,74.44313339603427,-80.75610409992433,-41.95022145629526,85.26526628634761
0.2425968109339407,68.84668181466884,-78.39231800104784,-41.250285872073974,79.30492660214661
0.24715261958997714,62.033297274436045,-71.49908029710424,-39.52660827571475,71.7478026134204
0.2517084282460136,54.93899459991709,-62.002299655531615,-36.797560344454666,63.57079648668812
0.25626423690205,48.742527595738686,-53.394086429074406,-34.10704494405646,56.53793218642815
0.2608200455580866,44.21847446530692,-48.51830190756013,-32.770025201856704,51.83650404531322
0.265375854214123,41.48512368397271,-47.632683159062154,-33.173569186683594,49.14709107327867
0.26993166287015946,40.399789710584415,-48.78568691504473,-34.4430153845117,47.33552713891595
0.2744874715261959,41.00866805898326,-49.89538960190239,-35.268337987748644,45.968006948904566
0.27904328018223234,43.255090352077005,-50.38544946076242,-34.94674905296443,45.64607778142385
0.2835990888382688,46.27910271357096,-50.94356363142925,-33.72931146656855,46.66689417688597
0.28815489749430523,48.52730269655297,-51.98864021612293,-32.4229649149894,47.83435584551121
0.29271070615034167,48.91745664252889,-52.96229482480791,-31.685884143840326,47.20957023841389
0.2972665148063781,47.816379098851066,-53.35886371964082,-31.424595447554918,44.26276375153842
0.30182232346241455,46.795106184167636,-53.56912735904696,-30.68228274434061,41.083493828462366
0.306378132118451,47.50305972544882,-53.700580177562934,-28.273029049480847,41.01599843188542
0.31093394077448744,50.65797488128542,-51.97872710103519,-23.78225700939803,45.757152629093774
0.3154897494305239,55.745570333358636,-45.66326037113177,-17.981781874162657,53.81696116077695
0.3200455580865603,61.35149685886827,-34.22913242946268,-12.161993482984396,61.8328194417649
0.32460136674259676,65.69322826781287,-21.304461286939304,-7.063390636822251,67.01989150360082
0.3291571753986332,67.15062525349558,-12.790027883041835,-2.524648414268084,68.25988889385924
0.33371298405466965,64.94084910601333,-12.480235145228862,1.9322066095915738,65.70154647925129
0.3382687927107061,59.70516002417789,-19.101592374862175,6.39298716563182,60.328145746273684
0.34282460136674253,53.240441134041056,-27.472914255649602,10.465080426214733,53.81146097889454
0.347380410022779,47.273890287261914,-32.66550585591664,13.730434252750843,47.887956962671026
0.3519362186788154,42.42166381624948,-33.272204517472694,16.158284246284815,43.364613063186646
0.35649202733485186,38.33232372165495,-31.09603625798773,18.084523771426554,39.80151818046929
0.3610478359908883,34.569337955261865,-28.44137195968436,19.825365194652406,36.25534850954568
0.36560364464692474,31.084537685702486,-26.208728336376115,21.31083000337139,32.2926193537479
0.3701594533029612,27.95481144846698,-24.15548965670431,22.10683537661837,28.301214251042367
0.37471526195899774,25.025501705764565,-21.946773117317644,21.841533997838937,24.92303276933205
0.3792710706150342,22.030946738117972,-19.49160011533459,20.639688901343305,22.339272715102013
0.3838268792710706,19.060553497808968,-16.866224470763033,19.12256610687276,20.302413519431433
0.38838268792710706,16.813596467697018,-14.612781746835148,17.96595305256871,18.856869829839447
0.3929384965831435,16.20184294374617,-13.905700784150776,17.476861503705056,18.60447768219533
0.39749430523917995,17.448109393179827,-15.728393247173424,17.569625819111458,19.842301778324696
0.4020501138952164,19.538550765292822,-19.685372464171973,17.989358107068856,21.63825857150034
0.40660592255125283,20.77796533864538,-23.971245994495984,18.394556601493804,22.311673022032405
0.41116173120728927,20.037476640743208,-26.725756409981138,18.287283659214435,20.934055029194436
0.4157175398633257,17.506066159998774,-27.2623474845447,17.15420145366655,18.05332929266782
0.42027334851936216,14.36194889017386,-25.937994351882242,14.92504268962448,14.93132205668494
0.4248291571753986,11.790910815594124,-23.29323789501794,12.267460007788811,12.373136674660318
0.42938496583143504,10.135050919895106,-19.803255663764006,10.213060659196788,10.340750487903716
0.4339407744874715,8.780272511583789,-16.229771980018906,9.357861821466873,8.407366830078898
0.4384965831435079,6.8919204179436635,-13.418761048834375,9.445633918571557,6.3596857620168
0.44305239179954437,4.366646317784207,-11.376899963774877,9.731132945866882,4.388621273261871
0.4476082004555808,2.0496212191234395,-9.057122984059369,9.68129535272647,2.8408256284780746
0.45216400911161725,0.9279998023538244,-5.692374410352766,9.319003282775542,1.8702801133270057
0.4567198177676537,1.0829985592954006,-2.2153371434532003,8.996641493244365,1.3019911974812175
0.46127562642369013,1.5192317489402891,-0.687254037110597,8.973503719094774,0.7685553412857812
0.4658314350797266,1.1378705432047573,-1.9411644072540988,9.25065225716281,-0.03378686102803078
0.470387243735763,-0.14190692807431224,-4.065903392924987,9.685499636604112,-1.1887134594855546
0.47494305239179946,-1.3609959510268208,-3.877234593991135,10.081148637988312,-2.6005588232828902
0.4794988610478359,-1.6290636669637082,-0.28770104658501083,10.151124219655237,-4.116683977075643
0.48405466970387234,-1.0901913345036491,4.134299940453401,9.594193169490302,-5.574663695859667
0.4886104783599088,-0.7083957795865244,5.600300425879136,8.380288856217042,-6.811203958927988
0.49316628701594534,-1.2803385312625941,3.005346294173896,6.930952843159577,-7.785514416606235
0.4977220956719818,-2.847368657115886,-1.2544699243561792,5.872227735339979,-8.75316065319916
0.5022779043280181,-4.9117677824266694,-4.269513565949521,5.549855672853531,-10.140143836992458
0.5068337129840546,-6.817356644391886,-5.501023525445927,5.812850942251429,-11.96309047037571
0.511389521640091,-7.779266773238497,-6.433778659552011,6.2373091937479295,-13.332803032039958
0.5159453302961274,-6.958668255789511,-8.165453284318401,6.477029923262028,-12.882390928078063
0.5205011389521639,-4.098173582604971,-9.88996231566312,6.422576897717342,-10.088261187812149
0.5250569476082003,-0.18487773460049303,-9.514339368159474,6.172202462357749,-6.147644866930689
0.5296127562642368,2.9463598835805977,-5.634730514369405,5.9422153716575075,-3.2000868296866103
0.5341685649202732,3.996614329084864,0.7595889465100873,5.931188444842899,-2.530684919280152
0.5387243735763096,3.129728732882559,6.449950951715109,6.153711872786056,-3.6671486240952174
0.5432801822323461,1.477648527917654,8.276153329440866,6.400682850773335,-5.213770637946582
0.5478359908883825,-0.057138405082044305,5.677039593720728,6.428345542144073,-6.284972239518976
0.5523917995444192,-1.3466038944850596,1.1039460600127737,6.2008415601103195,-6.981933781158202
0.5569476082004556,-2.6027275012253197,-2.0184006944346264,5.907155606703779,-7.713315390706891
0.5615034168564921,-3.832816122662018,-1.8071468607549108,5.723805013694357,-8.46892089312257
0.5660592255125285,-4.939441722619588,1.1618147677715942,5.585431129412464,-8.983186442789725
0.570615034168565,-6.13870545493379,4.8324522933534615,5.207061461098501,-9.444050349165538
0.5751708428246014,-7.901679464627103,7.319260296885575,4.337375767624048,-10.608381414913206
0.5797266514806378,-10.368527019073078,8.016815137177801,3.022855295545686,-12.946174902943115
0.5842824601366743,-13.01146963461676,7.7778972136426265,1.6598131948670658,-15.873292285425945
0.5888382687927107,-15.04608050263136,8.169726856892202,0.7549715528172224,-18.212581266687415
0.5933940774487472,-16.112929675129912,10.043554726669399,0.5570648614831641,-19.412620327650053
0.5979498861047836,-16.461461128563254,12.505390553481815,0.8805215551834006,-20.001777257520583
0.60250569476082,-16.594612921261334,13.710703411509549,1.2798277996025518,-20.805465446799527
0.6070615034168565,-16.907596120012254,13.098341029510095,1.393982386536247,-22.017622738560473
0.6116173120728929,-17.567350378155243,12.47972429830245,1.1625058393303973,-23.16816722093344
0.6161731207289294,-18.477451336130812,14.26506169464567,0.7902437725430742,-23.778551754680578
0.6207289293849658,-19.309915675059834,18.577391598474083,0.5465360719914288,-23.82950455383072
0.6252847380410023,-19.7636360384379,22.673878065597634,0.5548260607952691,-23.645032818531373
0.6298405466970387,-19.91896039871203,23.564777780372697,0.7017883708240018,-23.54157361618478
0.6343963553530751,-20.24822608447711,20.98934236558362,0.7320551118102273,-23.685524597565067
0.6389521640091116,-21.127608732285974,17.599932385744648,0.47934686259543197,-24.14107095622895
0.643507972665148,-22.330349908547678,16.411355314952008,0.044715192958838586,-24.86804012343727
0.6480637813211845,-23.155027706654735,18.107329831957074,-0.2809915838352428,-25.709007650501903
0.6526195899772209,-23.20723582996804,20.380775321722933,-0.32886221832310736,-26.559204505180304
0.6571753986332574,-23.00306556231259,19.718695805060953,-0.2813038461480796,-27.566177761062125
0.6617312072892938,-23.56221405806334,14.459950396206123,-0.5232532110733221,-28.9747193821285
0.6662870159453302,-25.28981643477458,6.675559688447713,-1.2388163172423083,-30.681751905714304
0.6708428246013667,-27.413542062831837,0.7131005266688775,-2.1924345119419892,-32.078292738556044
0.6753986332574031,-28.658022195972116,-0.6398260203845746,-2.9204613546303837,-32.466860897272895
0.6799544419134396,-28.394475493248716,1.53934583230893,-3.1153342970302482,-31.639038058134958
0.684510250569476,-27.072066820487645,3.882571809368186,-2.8404574393370567,-30.044400182959915
0.6890660592255125,-25.66417805980866,4.091171772746098,-2.422753853968134,-28.431880718528504
0.6936218678815489,-24.821361165998606,2.492711220293029,-2.153498570292726,-27.305698296990002
0.6981776765375853,-24.47363330382733,0.9455491229442694,-2.0721167392537283,-26.672368966370936
0.7027334851936218,-24.06932750144665,0.9859307624577529,-2.0164663043754474,-26.272451620572532
0.7072892938496582,-23.143718301922735,2.945364923600624,-1.8584791810406367,-25.96834993331726
0.7118451025056947,-21.743353939772902,6.125854641358145,-1.665502350328939,-25.802235714567995
0.7164009111617311,-20.386835519974785,9.337858759929947,-1.6261642891892256,-25.730253002967725
0.7209567198177675,-19.639583611224136,11.395210094237783,-1.8231977459088151,-25.508745673930566
0.725512528473804,-19.70398243646088,11.548967392133207,-2.077159194574036,-24.953588491369995
0.7300683371298404,-20.33908406006556,9.858932846292554,-2.0420724218167785,-24.196749006165724
0.7346241457858769,-21.06178339222837,7.302925993121072,-1.5232230916774319,-23.529836841972674
0.7391799544419133,-21.39045802488925,5.371599581389902,-0.720471078595659,-23.01973177213925
0.7437357630979498,-21.016650972507556,5.224338862271992,-0.0951171610266062,-22.428756993742255
0.7482915717539862,-19.9419520557843,6.925450779946409,0.0482723175780557,-21.55902519239711
0.7528473804100226,-18.54110966045022,9.338695321323632,-0.17338121090112946,-20.56871720981069
0.7574031890660591,-17.40279291216436,10.868870691320977,-0.38029261082710486,-19.854347880648408
0.7619589977220955,-16.97165697201249,10.64529508052537,-0.3124746476193422,-19.63588187056454
0.766514806378132,-17.27783101338045,9.206239722930588,-0.03131090850165224,-19.707819006090098
0.7710706150341684,-17.980046070304684,7.938052818628801,0.21912934381924615,-19.60103686099274
0.7756264236902048,-18.64157376588452,7.771756244229928,0.2757634952464491,-18.982877229287585
0.7801822323462413,-18.97584223570684,8.524524723469519,0.16320573789777165,-17.944904004340504
0.784738041002278,-18.882555586933105,9.405722708057242,0.025289930397185734,-16.948854374277296
0.7892938496583144,-18.339371091922104,9.840099215406706,0.0384453676630969,-16.47335116412367
0.7938496583143508,-17.364256477378845,9.77723252960848,0.3471944170125872,-16.642107147559926
0.7984054669703873,-16.111054741193666,9.529499246695416,0.9595651467889268,-17.119729240544935
0.8029612756264237,-14.913088654287117,9.475958627980901,1.6676524238483008,-17.34205777658287
0.8075170842824602,-14.13857517580179,9.792284806990844,2.1496009361933424,-16.917787544012192
0.8120728929384966,-13.964389949471803,10.359499209686483,2.219412949366091,-15.919810488576427
0.816628701594533,-14.237691350244916,10.872398784265254,1.9697116860495785,-14.815411020667705
0.8211845102505695,-14.53144254215751,10.867632830378469,1.6532775628747673,-14.04310525658003
0.8257403189066059,-14.44107245807397,9.709475474780053,1.4503988505782124,-13.620106314058969
0.8302961275626424,-13.929886103675518,7.072545207600296,1.3714005870928536,-13.207839141114109
0.8348519362186788,-13.311408189885565,3.7459297738728425,1.349783838453408,-12.555975617760678
0.8394077448747153,-12.810431855425506,1.5126724447861133,1.3662362479832424,-11.77185292544728
0.8439635535307517,-12.257059690288292,1.6695070729677948,1.4567783608319724,-11.11296654347492
0.8485193621867881,-11.36196334086102,3.7111970709485345,1.6327294069749072,-10.649360001671038
0.8530751708428246,-10.21559902894811,5.7697156561761895,1.8346069144250419,-10.247673902785804
0.857630979498861,-9.301998260747713,6.264743807210758,1.9761101233138885,-9.784752087230672
0.8621867881548975,-8.967891199891666,4.926806693592585,2.0215378807954325,-9.201932812314114
0.8667425968109339,-9.03405759901088,2.4879426755576044,2.0034196153378683,-8.392609896127652
0.8712984054669703,-9.03574871379776,-0.07858491827742511,1.9670857022286825,-7.251443592996612
0.8758542141230068,-8.752184540981832,-1.9222087270839028,1.9250039078769015,-5.918407336128229
0.8804100227790432,-8.37277828765024,-2.4430496084219375,1.871583888500028,-4.860627939648819
0.8849658314350797,-8.172004336381491,-1.6111232948416063,1.8086123171734538,-4.5785893658289005
0.8895216400911161,-8.15337210955687,-0.22135301964386542,1.7380657184276018,-5.150861265585015
0.8940774487471526,-8.08037080001698,0.5297347132792722,1.658905848062458,-6.044107172870461
0.898633257403189,-7.798284350411839,0.04769515923126555,1.589929489039857,-6.458616186647912
0.9031890660592254,-7.417727295082679,-1.0397941937150224,1.5648983157348622,-5.994332571415901
0.9077448747152619,-7.14294831929142,-1.393357960871901,1.5762695802696216,-4.9934451969938864
0.9123006833712983,-6.991764469910155,-0.18875594484623978,1.543404659855478,-4.165280788202904
0.9168564920273348,-6.771808964964855,2.121465604645964,1.3706489937575757,-3.897422080835497
0.9214123006833712,-6.308216370829476,4.11484453146465,1.047226348447217,-3.9924045329479303
0.9259681093394077,-5.606262621282569,4.297554562005021,0.6847236504032762,-3.9998188055757127
0.9305239179954441,-4.808456575057238,2.000350882022589,0.4449967902457753,-3.661803623866012
0.9350797266514805,-4.101978320430531,-1.965112400987143,0.4127485745655324,-3.0507496233111566
0.939635535307517,-3.663533771438382,-5.4663681653596585,0.5249089665285939,-2.430235052970056
0.9441913439635534,-3.5501804993448673,-6.56834405250979,0.6254253178091449,-2.0441285127931716
0.9487471526195899,-3.5773787588261583,-5.383375382039898,0.5974107616001819,-1.9424240930818002
0.9533029612756263,-3.4038570382776085,-4.126994034093394,0.4509884293238306,-1.9310578944620684
0.9578587699316627,-2.838229517314628,-4.9032642820200145,0.29678405091032506,-1.7321415347123883
0.9624145785876992,-2.044056952530118,-7.484918288159854,0.2517188786555552,-1.2418118752637846
0.9669703872437356,-1.3889708975199435,-9.584782279294032,0.36944634515330116,-0.5989129796312443
0.9715261958997721,-1.111456684535974,-9.349936928580124,0.6321782192660624,0.01616908687919681
0.9760820045558085,-1.1755877827355894,-7.298974768060191,0.9778436590828761,0.5733883170842263
0.980637813211845,-1.3879697049580901,-5.580399893506455,1.326291174076614,1.1186365143517565
0.9851936218678814,-1.5420710323972855,-5.526602455513996,1.595088226147889,1.5781993420556848
0.9897494305239178,-1.4748669011414677,-6.398146820581116,1.724584403942023,1.7891972548460038
0.9943052391799543,-1.1306195874100358,-6.5980329235250315,1.7191913772364307,1.7739071782868376
0.9988610478359907,-0.6135483282392081,-5.555478066445138,1.6638749678858265,1.8630571996160208
1.0034168564920272,-0.08689029568291108,-3.9362271574597827,1.6740325834108878,2.4157240675227696
1.0079726651480636,0.4189687009884321,-2.341411190967083,1.8084739724187406,3.440766823145136
1.0125284738041,1.025621610911019,-0.5952433650854462,2.0284888132083965,4.5927825916381195
1.0170842824601367,1.7838827747207084,1.4715567462477908,2.2474383913386604,5.5182195062249555
1.0216400911161732,2.4981099922972136,3.1566509452205547,2.422959564411229,6.095840458519153
1.0261958997722096,2.8757584479729483,3.4187557923702263,2.5923772011204744,6.360881494661365
1.030751708428246,2.8570981469898764,2.2072057275652783,2.801437339052185,6.363344564986233
1.0353075170842825,2.71933571264716,0.7790671961646478,2.9971178685149646,6.184122791345011
1.039863325740319,2.810723142015446,0.4439622538680792,3.0222896541217397,5.987567557566914
1.0444191343963554,3.198821634584608,1.209634221869089,2.7534798358896055,5.936620762180175
1.0489749430523918,3.611336720418091,1.9727736743025823,2.246435738239776,6.059276621699669
1.0535307517084282,3.7302456355438425,1.9411436561071673,1.722988785112683,6.252933014794264
1.0580865603644647,3.5171248075482215,1.4444895999522802,1.401451650486213,6.4122321565717435
1.0626423690205011,3.2386708716377326,1.216320711381992,1.3393388761096847,6.521287959812436
1.0671981776765376,3.2211944670902484,1.292593634090149,1.4360491536004434,6.652869701057892
1.071753986332574,3.6100813274070926,1.0798048242205092,1.5686316527860282,6.927489184203357
1.0763097949886105,4.3018631427318095,0.453375531062636,1.7013383621303706,7.42838936254621
1.080865603644647,5.027999227951189,0.2869701960384218,1.8627883603321884,8.053571636518264
1.0854214123006833,5.521027928166652,1.5035720327245894,2.0458937901308873,8.45829325059824
1.0899772209567198,5.670191381284303,3.726625504993096,2.1633433113050393,8.271106870566962
1.0945330296127562,5.54535754998303,5.3192329294691145,2.114435094946817,7.432136447670323
1.0990888382687927,5.2853340599589975,4.954142481703318,1.8863731209566839,6.2779838816928875
1.103644646924829,5.003607575210445,2.9222275295825044,1.5767459700732982,5.292629693203001
1.1082004555808656,4.79584066421292,0.7198094617012514,1.3203650539881655,4.8128250556021825
1.112756264236902,4.747344344465311,-0.45180992286947314,1.1963032181551683,4.905961532430635
1.1173120728929384,4.860330991968821,-0.5279056267528851,1.1809935030609415,5.391522937750438
1.1218678815489749,5.012146606387385,-0.09981607495714911,1.1728145509186445,5.950370804209771
1.1264236902050113,5.074205302357057,0.41652761428068374,1.0847645674395303,6.310312072955512
1.1309794988610478,5.082719470686353,0.9127302164367035,0.9369550734583046,6.4109688334776935
1.1355353075170842,5.214510126691346,1.2449436352672942,0.8459690817325222,6.41156590312925
1.1400911161731206,5.561505315450528,1.2292991690595023,0.9128614635901293,6.549144373969982
1.144646924829157,5.9934617498486285,0.946038565343169,1.1438332894440664,6.987150294461586
1.1492027334851935,6.283366235275731,0.698384150886123,1.4861168930510393,7.735089701810626
1.15375854214123,6.329979609113832,0.6560900988902822,1.8866376373801796,8.618734534650923
1.1583143507972664,6.2452682327423075,0.8080898910131507,2.267860871273369,9.335338093608186
1.1628701594533029,6.259518132075975,1.213700720338645,2.495707888894515,9.664890375078919
1.1674259681093393,6.5244963842813055,1.9222602458756313,2.4681280208211382,9.691221792162999
1.1719817767653757,6.954950061570172,2.5422489657458893,2.251484661185948,9.725511329855063
1.1765375854214122,7.27361556517222,2.2877485501410577,2.0588403585647272,9.938459408671681
1.1810933940774486,7.257939168494759,0.8664608032668358,2.05090163504147,10.130348755466638
1.185649202733485,6.938012839895395,-0.8093441987392208,2.1930387346499343,9.929761450944758
1.1902050113895215,6.542384723738251,-1.3377725448247133,2.3361092289047325,9.185415272194087
1.194760820045558,6.289902600776853,-0.4578446529775107,2.3865015528190368,8.125922316918293
1.1993166287015944,6.244364997240057,0.4754987216300748,2.3354001878586272,7.164877205189129
1.2038724373576308,6.303121730688538,0.07150095591926757,2.159971799180161,6.577854314787502
1.2084282460136673,6.291979865380249,-1.3126514789633545,1.8044705189651433,6.3511571062432575
1.2129840546697037,6.143451000501105,-1.9426889890837569,1.3005502398441673,6.31794166286344
1.2175398633257402,6.035170133236908,-0.8409444712147675,0.8368892259118891,6.416433771875706
1.2220956719817766,6.273949179237061,1.0485570465438814,0.6280991149123103,6.762025992599899
1.226651480637813,6.946432934484557,2.088236960560388,0.7099908912748557,7.421588852915521
1.2312072892938495,7.713174062488622,1.9044783680538244,0.8993459021999379,8.160696135832138
1.235763097949886,8.049764132451577,1.6614390401567212,0.9539030927664024,8.525558597845766
1.2403189066059224,7.747140244605588,2.475107230415999,0.7600100148909253,8.249188131994178
1.2448747152619588,7.151889307767321,3.990473041832141,0.40705354148553063,7.561003551746526
1.2494305239179955,6.8550664014761,4.828801033366186,0.13217729134732994,7.0199542935568005
1.253986332574032,7.12777835964339,4.334218077562116,0.16558095345956508,6.9820807398532
1.2585421412300684,7.701075601668215,3.466763804678406,0.5464980299446394,7.256163230343122
1.2630979498861048,8.093982617104864,3.689530687241662,1.0477016661410707,7.349242098977146
1.2676537585421412,8.077245891665012,5.153958517769984,1.3065217468256458,7.03386062439116
1.2722095671981777,7.79986211334505,6.376258899822217,1.0839227024381524,6.585590918484878
1.2767653758542141,7.574974530290508,5.753291847222744,0.4422217003811889,6.464434400379821
1.2813211845102506,7.616954768133386,3.1465298602389287,-0.3084155771994899,6.86352523851986
1.285876993166287,7.905587749973393,0.046352819658328596,-0.8469489484853057,7.576766018671642
1.2904328018223234,8.215438052452008,-1.45821489637887,-1.060795624809776,8.1769433794806
1.29498861047836,8.310356006450217,-0.019116317212914565,-1.0863087407968985,8.271697988079623
1.2995444191343963,8.166291671875287,3.9110322437875915,-1.1839011430220032,7.742637820547978
1.3041002277904328,7.987383366156264,8.009869697944792,-1.5680785473007761,6.907184470829458
1.3086560364464692,7.9794214127269685,9.64261352746839,-2.283674740108788,6.387107897181171
1.3132118451025057,8.138127092730759,8.175278571092612,-3.164274688304963,6.613360911708952
1.317767653758542,8.302360887705474,5.625848608192433,-3.9005782761581607,7.408364137115054
1.3223234624145785,8.404292461293302,4.466026218383783,-4.228411642576435,8.176246121575197
1.326879271070615,8.592977491655779,4.885784887407288,-4.142784953398059,8.527909487413712
1.3314350797266514,9.039422427691528,4.951352581828442,-3.9385379754951675,8.589223749993206
1.3359908883826879,9.635704715454935,3.5016432781049485,-3.977284908661732,8.661232519959121
1.3405466970387243,9.987361258274042,1.9150876166457784,-4.367603311114549,8.748466566017534
1.3451025056947608,9.783871077987383,2.3827562595542418,-4.870519666817521,8.581092030588923
1.3496583143507972,9.14728425141056,5.063440610000451,-5.109465675550008,8.037895723823015
1.3542141230068336,8.50761292647323,7.877461860482808,-4.863507006032218,7.354383001602576
1.35876993166287,8.095610243930405,8.944068822102382,-4.2034417559559625,6.847798192049634
1.3633257403189065,7.665357781544023,8.281646046742832,-3.4196318733915003,6.542970379613572
1.367881548974943,6.823973746809316,6.9827866355008,-2.8222395769474717,6.156264633237909
1.3724373576309794,5.590172920801011,5.674558563548854,-2.532613857311755,5.433942278303157
1.3769931662870158,4.528309096060456,4.331268651552229,-2.4075831087892623,4.491398797612558
1.3815489749430523,4.314542090472424,2.97016807304097,-2.1791828778548377,3.8233055995755705
1.3861047835990887,5.1683696814470865,1.8161407297607084,-1.709919701063492,3.9251913593470147
1.3906605922551252,6.651386005076664,0.9606607048111689,-1.1377188053439988,4.83213252664999
1.3952164009111616,8.000836473585084,0.3879504325671205,-0.780873548628284,6.0403219824164
1.399772209567198,8.722680600600961,0.3347638082035609,-0.8900396897922306,6.9353393160922225
1.4043280182232345,8.910528668438705,1.2023800047465811,-1.4533241489853228,7.298433696566855
1.408883826879271,8.998081176052741,2.9277864262660485,-2.2090867174629807,7.388286898208675
1.4134396355353074,9.252182908819,4.692520997225025,-2.8571228260980295,7.601400755717869
1.4179954441913438,9.572858366970085,5.540706380680582,-3.280114746837928,8.121710881424098
1.4225512528473803,9.749231218000958,5.2539352089647675,-3.563281499728264,8.830581816669756
1.4271070615034167,9.774866641347568,4.485584871465153,-3.8141414671405385,9.421606070799434
1.4316628701594531,9.824613873131655,4.1336104662672986,-4.009962343898407,9.590372854491427
1.4362186788154896,9.97330740346212,4.685037009823739,-4.057140234939863,9.219495565348831
1.440774487471526,10.05213955539582,5.966307997549725,-3.9853302001598614,8.439485232228765
1.4453302961275625,9.82614605777814,7.2608971379531635,-4.015371628262999,7.486859314530542
1.449886104783599,9.272170349078495,7.67803591053433,-4.357842009612191,6.50452362838136
1.4544419134396354,8.634144932238529,6.6241277219455785,-4.938958463771501,5.525998441139881
1.4589977220956718,8.184907325088805,4.190235902477459,-5.408500587543408,4.638558411487928
1.4635535307517082,7.950085991754225,1.334132714538627,-5.483372491782001,4.043418975475663
1.4681093394077447,7.719591187712269,-0.38823180513721667,-5.251188291220639,3.8563131701500724
1.4726651480637811,7.343694334714776,0.16732124800883483,-5.07546200185579,3.897074583225495
1.4772209567198176,6.9336197737444305,2.50274512251208,-5.213176996224302,3.8050101400985694
1.481776765375854,6.706589106097026,4.461119725684475,-5.578635156827485,3.3977861655654777
1.4863325740318907,6.714703942146298,3.992516119036968,-5.874838710076935,2.853782865264654
1.4908883826879271,6.8302022920258265,1.1054439289496234,-5.886178548988692,2.5242870495305825
1.4954441913439636,6.933299642878344,-2.1144399532249976,-5.628190353330001,2.6131758846051283
1.5,6.986508420838816,-3.4441952815576427,-5.298969442570857,3.0345901578069565
